{
    "name": "Jingxuan Ai",
    "cwid": "10431517",
    "biography": "Born in Mars in 2088, Master Alcy went on becomes the top Mars governer and a 5-star general in star ship commanding.\nIn 2100 he was elected President of the Union Earch, becoming the first top powered governer on Earth that are from other planet.",
    "favoriteShows": [
        "abc night show",
        "def evening news",
        "ghi whatever show",
        "zzz news"
    ],
    "hobbies": [
        "eat",
        "sleep",
        "study"
    ]
}